{"mean": [79.99141999999998, 0.53, 0.466, 0.504, 0.502], "scale": [11.611236875699332, 0.49909918853871116, 0.4988426605654333, 0.4999839997439918, 0.4999959999839998]}